"","CHR","SNP","UNADJ","GC","BONF","HOLM","SIDAK_SS","SIDAK_SD","FDR_BH","FDR_BY"
"1",3,"BICF2P940908",1.556e-11,5.561e-09,2.493e-06,2.493e-06,2.493e-06,2.493e-06,2.493e-06,3.131e-05
"2",17,"BICF2P374182",2.515e-09,2.56e-07,0.0004029,0.0004029,0.0004028,0.0004028,0.0002014,0.00253
"3",31,"BICF2G630727553",6.476e-08,2.966e-06,0.01037,0.01037,0.01032,0.01032,0.003458,0.04343
"4",29,"BICF2S23138247",8.962e-08,3.791e-06,0.01435,0.01435,0.01425,0.01425,0.003589,0.04508
